INSERT INTO public.resume (uuid, full_name) VALUES ('uuid2                               ', 'Иван Иваныч Иванов');
INSERT INTO public.resume (uuid, full_name) VALUES ('uuid3                               ', 'Кислин Григорий');
INSERT INTO public.resume (uuid, full_name) VALUES ('c0dbd775-4a95-4b02-b3f7-e0be4a90980e', 'Сидор Сидорович Сидоров');
INSERT INTO public.resume (uuid, full_name) VALUES ('12a23c2d-fa59-40ed-a2bb-5f51a16e3795', 'Сергей Креветко Пожиратель');
INSERT INTO public.resume (uuid, full_name) VALUES ('uuid1                               ', 'Сидор Сидорович Сидоров');

INSERT INTO public.contact (resume_uuid, type, value) VALUES ('uuid2                               ', 'CELLPHONE', '+7(910) 903-1027');
INSERT INTO public.contact (resume_uuid, type, value) VALUES ('uuid2                               ', 'SKYPE', 'skype: n/a');
INSERT INTO public.contact (resume_uuid, type, value) VALUES ('uuid2                               ', 'MAIL', 'leva1981@yandex.ru');
INSERT INTO public.contact (resume_uuid, type, value) VALUES ('uuid2                               ', 'LINKEDIN', 'n/a');
INSERT INTO public.contact (resume_uuid, type, value) VALUES ('uuid2                               ', 'GITHUB', 'https://github.com/sukhinlv');
INSERT INTO public.contact (resume_uuid, type, value) VALUES ('uuid2                               ', 'STACKOVERFLOW', 'n/a');
INSERT INTO public.contact (resume_uuid, type, value) VALUES ('uuid2                               ', 'HOMEPAGE', 'n/a');
INSERT INTO public.contact (resume_uuid, type, value) VALUES ('uuid3                               ', 'CELLPHONE', '+7(921) 855-0482');
INSERT INTO public.contact (resume_uuid, type, value) VALUES ('uuid3                               ', 'SKYPE', 'grigory.kislin');
INSERT INTO public.contact (resume_uuid, type, value) VALUES ('uuid3                               ', 'MAIL', 'gkislin@yandex.ru');
INSERT INTO public.contact (resume_uuid, type, value) VALUES ('uuid3                               ', 'LINKEDIN', 'https://www.linkedin.com/in/gkislin');
INSERT INTO public.contact (resume_uuid, type, value) VALUES ('uuid3                               ', 'GITHUB', 'https://github.com/gkislin');
INSERT INTO public.contact (resume_uuid, type, value) VALUES ('uuid3                               ', 'STACKOVERFLOW', 'https://stackoverflow.com/users/548473');
INSERT INTO public.contact (resume_uuid, type, value) VALUES ('uuid3                               ', 'HOMEPAGE', 'http://gkislin.ru/');
INSERT INTO public.contact (resume_uuid, type, value) VALUES ('c0dbd775-4a95-4b02-b3f7-e0be4a90980e', 'MAIL', 'sidor@mail.ru');
INSERT INTO public.contact (resume_uuid, type, value) VALUES ('uuid1                               ', 'CELLPHONE', '+7(910) 903-1028');
INSERT INTO public.contact (resume_uuid, type, value) VALUES ('uuid1                               ', 'SKYPE', '-');
INSERT INTO public.contact (resume_uuid, type, value) VALUES ('uuid1                               ', 'MAIL', 'musinov80@yandex.ru');
INSERT INTO public.contact (resume_uuid, type, value) VALUES ('uuid1                               ', 'LINKEDIN', '-');
INSERT INTO public.contact (resume_uuid, type, value) VALUES ('uuid1                               ', 'GITHUB', '-');
INSERT INTO public.contact (resume_uuid, type, value) VALUES ('uuid1                               ', 'STACKOVERFLOW', '-');
INSERT INTO public.contact (resume_uuid, type, value) VALUES ('uuid1                               ', 'HOMEPAGE', 'http://vk.com/musinov80');

INSERT INTO public.section (resume_uuid, value, type) VALUES ('uuid2                               ', '{"data":"Просто хороший человек"}', 'PERSONAL');
INSERT INTO public.section (resume_uuid, value, type) VALUES ('uuid3                               ', '{"data":"Аналитический склад ума, сильная логика, креативность, инициативность. Пурист кода и архитектуры."}', 'PERSONAL');
INSERT INTO public.section (resume_uuid, value, type) VALUES ('uuid3                               ', '{"data":"Ведущий стажировок и корпоративного обучения по Java Web и Enterprise технологиям"}', 'OBJECTIVE');
INSERT INTO public.section (resume_uuid, value, type) VALUES ('uuid3                               ', '{"data":["Организация команды и успешная реализация Java проектов для сторонних заказчиков: приложения автопарк на стеке Spring Cloud/микросервисы, система мониторинга показателей спортсменов на Spring Boot, участие в проекте МЭШ на Play-2, многомодульный Spring Boot + Vaadin проект для комплексных DIY смет","С 2013 года: разработка проектов \"Разработка Web приложения\",\"Java Enterprise\", \"Многомодульный maven. Многопоточность. XML (JAXB/StAX). Веб сервисы (JAX-RS/SOAP). Удаленное взаимодействие (JMS/AKKA)\". Организация онлайн стажировок и ведение проектов. Более 3500 выпускников.","Реализация двухфакторной аутентификации для онлайн платформы управления проектами Wrike. Интеграция с Twilio, DuoSecurity, Google Authenticator, Jira, Zendesk.","Налаживание процесса разработки и непрерывной интеграции ERP системы River BPM. Интеграция с 1С, Bonita BPM, CMIS, LDAP. Разработка приложения управления окружением на стеке: Scala/Play/Anorm/JQuery. Разработка SSO аутентификации и авторизации различных ERP модулей, интеграция CIFS/SMB java сервера.","Реализация c нуля Rich Internet Application приложения на стеке технологий JPA, Spring, Spring-MVC, GWT, ExtGWT (GXT), Commet, HTML5, Highstock для алгоритмического трейдинга.","Создание JavaEE фреймворка для отказоустойчивого взаимодействия слабо-связанных сервисов (SOA-base архитектура, JAX-WS, JMS, AS Glassfish). Сбор статистики сервисов и информации о состоянии через систему мониторинга Nagios. Реализация онлайн клиента для администрирования и мониторинга системы по JMX (Jython/ Django).","Реализация протоколов по приему платежей всех основных платежных системы России (Cyberplat, Eport, Chronopay, Сбербанк), Белоруcсии(Erip, Osmp) и Никарагуа."]}', 'ACHIEVEMENTS');
INSERT INTO public.section (resume_uuid, value, type) VALUES ('uuid3                               ', '{"data":["JEE AS: GlassFish (v2.1, v3), OC4J, JBoss, Tomcat, Jetty, WebLogic, WSO2","Version control: Subversion, Git, Mercury, ClearCase, Perforce","DB: PostgreSQL(наследование, pgplsql, PL/Python), Redis (Jedis), H2, Oracle, MySQL, SQLite, MS SQL, HSQLDB","Languages: Java, Scala, Python/Jython/PL-Python, JavaScript, Groovy","XML/XSD/XSLT, SQL, C/C++, Unix shell scripts","Java Frameworks: Java 8 (Time API, Streams), Guava, Java Executor, MyBatis, Spring (MVC, Security, Data, Clouds, Boot), JPA (Hibernate, EclipseLink), Guice, GWT(SmartGWT, ExtGWT/GXT), Vaadin, Jasperreports, Apache Commons, Eclipse SWT, JUnit, Selenium (htmlelements).","Python: Django.","JavaScript: jQuery, ExtJS, Bootstrap.js, underscore.js","Scala: SBT, Play2, Specs2, Anorm, Spray, Akka","Технологии: Servlet, JSP/JSTL, JAX-WS, REST, EJB, RMI, JMS, JavaMail, JAXB, StAX, SAX, DOM, XSLT, MDB, JMX, JDBC, JPA, JNDI, JAAS, SOAP, AJAX, Commet, HTML5, ESB, CMIS, BPMN2, LDAP, OAuth1, OAuth2, JWT.","Инструменты: Maven + plugin development, Gradle, настройка Ngnix","администрирование  Hudson/Jenkins, Ant + custom task, SoapUI, JPublisher, Flyway, Nagios, iReport, OpenCmis, Bonita, pgBouncer","Отличное знание и опыт применения концепций ООП, SOA, шаблонов проектрирования, архитектурных шаблонов, UML, функционального программирования","Родной русский, английский \"upper intermediate\""]}', 'QUALIFICATIONS');
INSERT INTO public.section (resume_uuid, value, type) VALUES ('uuid3                               ', '{"data":[{"title":"Java Online Projects","website":"http://javaops.ru/","periods":[{"title":"Автор проекта.","desc":"Создание, организация и проведение Java онлайн проектов и стажировок.","startDate":"2013-10-01","endDate":"3000-01-01"}]},{"title":"Wrike","website":"https://www.wrike.com/","periods":[{"title":"Старший разработчик (backend)","desc":"Проектирование и разработка онлайн платформы управления проектами Wrike (Java 8 API, Maven, Spring, MyBatis, Guava, Vaadin, PostgreSQL, Redis). Двухфакторная аутентификация, авторизация по OAuth1, OAuth2, JWT SSO.","startDate":"2014-10-01","endDate":"2016-01-01"}]}]}', 'EXPERIENCE');
INSERT INTO public.section (resume_uuid, value, type) VALUES ('uuid3                               ', '{"data":[{"title":"Coursera","website":"https://www.coursera.org/course/progfun","periods":[{"title":"\u0027Functional Programming Principles in Scala\u0027 by Martin Odersky","desc":"","startDate":"2013-03-01","endDate":"2013-05-01"}]},{"title":"Санкт-Петербургский национальный исследовательский университет информационных технологий, механики и оптики","website":"http://www.ifmo.ru/","periods":[{"title":"Аспирантура (программист С, С++)","desc":"","startDate":"1993-09-01","endDate":"1996-07-01"},{"title":"Инженер (программист Fortran, C)","desc":"","startDate":"1987-09-01","endDate":"1993-07-01"},{"title":"Инженер","desc":"","startDate":"1987-09-01","endDate":"1993-07-01"}]}]}', 'EDUCATION');
INSERT INTO public.section (resume_uuid, value, type) VALUES ('c0dbd775-4a95-4b02-b3f7-e0be4a90980e', '{"data":"Просто еще один Сидор для проверки сортировки"}', 'OBJECTIVE');
INSERT INTO public.section (resume_uuid, value, type) VALUES ('uuid1                               ', '{"data":"Креативщик!"}', 'PERSONAL');
INSERT INTO public.section (resume_uuid, value, type) VALUES ('uuid1                               ', '{"data":"Коммерческий директор крупной рекламной фирмы"}', 'OBJECTIVE');
INSERT INTO public.section (resume_uuid, value, type) VALUES ('uuid1                               ', '{"data":["Привлечение крупнейших торговых сетей, таких как Пятерочка, Магнит и прочих..."]}', 'ACHIEVEMENTS');
INSERT INTO public.section (resume_uuid, value, type) VALUES ('uuid1                               ', '{"data":[{"title":"Java Online Projects","website":"http://javaops.ru/","periods":[{"title":"Коммерческий директор","desc":"Поиск и привлечение крупных заказчиков","startDate":"2003-06-01","endDate":"3000-01-01"}]}]}', 'EDUCATION');
INSERT INTO public.section (resume_uuid, value, type) VALUES ('12a23c2d-fa59-40ed-a2bb-5f51a16e3795', '{"data":"Любит креветки. Женат."}', 'PERSONAL');
INSERT INTO public.section (resume_uuid, value, type) VALUES ('12a23c2d-fa59-40ed-a2bb-5f51a16e3795', '{"data":["Чемпион России по пожиранию креветок"]}', 'ACHIEVEMENTS');
